1,國二,science,直線運動,時間的測量,時間的測量,時間,123
2,國二,science,直線運動,時間的測量,時間的測量,測量,
3,國二,science,直線運動,路程和位移,位置、位移與路徑長,位置,
4,國二,science,直線運動,路程和位移,位置、位移與路徑長,位移,
5,國二,science,直線運動,路程和位移,位置、位移與路徑長,路徑長,
6,國二,science,直線運動,速率和速度,速率,速率,
7,國二,science,直線運動,速率和速度,速度,速度,
8,國二,science,直線運動,速率和速度,速度,速率和速度,
9,國二,science,直線運動,加速度,等速度運動,等速度運動,
10,國二,science,直線運動,加速度,等速度運動,等速度,
11,國二,science,直線運動,加速度,加速度運動,加速度運動,
12,國二,science,直線運動,加速度,加速度運動,加速度,
13,國二,science,直線運動,加速度,等加速度運動,等加速度運動,
14,國二,science,直線運動,加速度,等加速度運動,等加速度,
15,國二,science,直線運動,自由落體,自由落體,自由落體,
16,國二,science,直線運動,自由落體,重力加速度,重力加速度,
17,國二,science,直線運動,自由落體,重力加速度,重力,
18,國二,science,力與運動,牛頓第一運動定律,運動狀態與慣性定律,牛頓第一運動定律,
19,國二,science,力與運動,牛頓第一運動定律,運動狀態與慣性定律,牛頓第一,
20,國二,science,力與運動,牛頓第一運動定律,運動狀態與慣性定律,第一運動定律,
21,國二,science,力與運動,牛頓第一運動定律,運動狀態與慣性定律,第一定律,
22,國二,science,力與運動,牛頓第一運動定律,運動狀態與慣性定律,牛頓定律,
23,國二,science,力與運動,牛頓第一運動定律,運動狀態與慣性定律,第一運動,
24,國二,science,力與運動,牛頓第一運動定律,運動狀態與慣性定律,慣性,
25,國二,science,力與運動,牛頓第一運動定律,運動狀態與慣性定律,慣性定律,
26,國二,science,力與運動,牛頓第一運動定律,運動狀態與慣性定律,運動,
27,國二,science,力與運動,牛頓第二運動定律,力與加速度的關係,牛頓第二運動定律,
28,國二,science,力與運動,牛頓第二運動定律,力與加速度的關係,牛頓第二,
29,國二,science,力與運動,牛頓第二運動定律,力與加速度的關係,第二運動定律,
30,國二,science,力與運動,牛頓第二運動定律,力與加速度的關係,第二定律,
31,國二,science,力與運動,牛頓第二運動定律,力與加速度的關係,牛頓定律,
32,國二,science,力與運動,牛頓第二運動定律,力與加速度的關係,第二運動,
33,國二,science,力與運動,牛頓第二運動定律,力與加速度的關係,力,
34,國二,science,力與運動,牛頓第二運動定律,力與加速度的關係,加速度,
35,國二,science,力與運動,牛頓第二運動定律,力與加速度的關係,運動,
36,國二,science,力與運動,牛頓第二運動定律,質量與加速度的關係,質量,
37,國二,science,力與運動,牛頓第二運動定律,運動定律,運動定律,
38,國二,science,力與運動,牛頓第三運動定律,作用反作用定律,牛頓第三運動定律,
39,國二,science,力與運動,牛頓第三運動定律,作用反作用定律,牛頓第三運動定律,
40,國二,science,力與運動,牛頓第三運動定律,作用反作用定律,第三運動定律,
41,國二,science,力與運動,牛頓第三運動定律,作用反作用定律,第三定律,
42,國二,science,力與運動,牛頓第三運動定律,作用反作用定律,牛頓定律,
43,國二,science,力與運動,牛頓第三運動定律,作用反作用定律,第三運動,
44,國二,science,力與運動,牛頓第三運動定律,作用反作用定律,作用力,
45,國二,science,力與運動,牛頓第三運動定律,作用反作用定律,反作用力,
46,國二,science,力與運動,圓周運動與重力,圓周運動,圓周,
47,國二,science,力與運動,圓周運動與重力,圓周運動,重力,
48,國二,science,力與運動,圓周運動與重力,圓周運動,圓周運動,
49,國二,science,力與運動,圓周運動與重力,萬有引力,萬有引力,
50,國二,science,功與機械應用,功與功率,功的定義,功,
51,國二,science,功與機械應用,功與功率,功率,功率,
52,國二,science,功與機械應用,位能與動能,動能,動能,
53,國二,science,功與機械應用,位能與動能,動能,位能,
54,國二,science,功與機械應用,位能與動能,功能定理,功能,
55,國二,science,功與機械應用,位能與動能,力學能守恆定律,力學能,
56,國二,science,功與機械應用,位能與動能,力學能守恆定律,守恆定律,
57,國二,science,功與機械應用,位能與動能,彈力位能,位能,
58,國二,science,功與機械應用,位能與動能,彈力位能,彈力,
59,國二,science,功與機械應用,位能與動能,焦耳實驗,焦耳,
60,國二,science,功與機械應用,位能與動能,能量守恆定律,能量,
61,國二,science,功與機械應用,位能與動能,能量守恆定律,守恆定律,
62,國二,science,功與機械應用,位能與動能,功能定理,功能,
63,國二,science,功與機械應用,位能與動能,重力位能,重力,
64,國二,science,功與機械應用,位能與動能,重力位能,位能,
65,國二,science,功與機械應用,位能與動能,重力位能,重力位能,
66,國二,science,功與機械應用,力矩與轉動,力矩與轉動,轉動,
67,國二,science,功與機械應用,力矩與轉動,力矩與轉動,力矩,
68,國二,science,功與機械應用,力矩與轉動,槓桿原理,槓桿,
69,國二,science,功與機械應用,力矩與轉動,槓桿原理,力矩,
70,國二,science,功與機械應用,簡單機械,槓桿的分類,槓桿,
71,國二,science,功與機械應用,簡單機械,輪軸,輪軸,
72,國二,science,功與機械應用,簡單機械,定滑輪與動滑輪,動滑輪,
73,國二,science,功與機械應用,簡單機械,定滑輪與動滑輪,定滑輪,
74,國二,science,功與機械應用,簡單機械,斜面與螺旋,斜面,
75,國二,science,功與機械應用,簡單機械,斜面與螺旋,螺旋,
