1,國二,自然,力與壓力,力,力的意義,力,123123
2,國二,自然,力與壓力,力,力的種類,力,
3,國二,自然,力與壓力,力的測量與合成,力的測量,力,
4,國二,自然,力與壓力,力的測量與合成,力的平衡,力,
5,國二,自然,力與壓力,力的測量與合成,力的合成,力,
6,國二,自然,力與壓力,摩擦力,靜摩擦力,靜摩擦力,
7,國二,自然,力與壓力,摩擦力,動摩擦力,動摩擦力,
8,國二,自然,力與壓力,摩擦力,影響摩擦力大小的因素,摩擦力,
9,國二,自然,力與壓力,摩擦力的存在與影響因素,靜摩擦力,靜摩擦力,
10,國二,自然,力與壓力,摩擦力的存在與影響因素,動摩擦力,動摩擦力,
11,國二,自然,力與壓力,壓力,壓力的定義,壓力,
12,國二,自然,力與壓力,壓力,水壓的特性,水壓,
13,國二,自然,力與壓力,壓力,連通管原理,連通管原理,
14,國二,自然,力與壓力,壓力,帕斯卡原理,帕斯卡原理,
15,國二,自然,力與壓力,壓力,大氣壓力,大氣壓力,
16,國二,自然,力與壓力,浮力,浮力的定義,浮力,
17,國二,自然,力與壓力,浮力,阿基米德原理,阿基米德,
18,國二,自然,直線運動,時間、路徑長與位移,位置、位移與路徑長,位置,
19,國二,自然,直線運動,時間、路徑長與位移,位置、位移與路徑長,位移,
20,國二,自然,直線運動,時間、路徑長與位移,位置、位移與路徑長,路徑長,
21,國二,自然,直線運動,時間、路徑長與位移,時間的測量,時間,
22,國二,自然,直線運動,速率與速度,速率,速率,
23,國二,自然,直線運動,速率與速度,速度,速度,
24,國二,自然,直線運動,加速度運動,等速度運動,等速度,
25,國二,自然,直線運動,加速度運動,加速度運動,加速度,
26,國二,自然,直線運動,加速度運動-斜面與落體運動,等加速度運動,等加速度,
27,國二,自然,直線運動,加速度運動-斜面與落體運動,自由落體,自由落體,
28,國二,自然,直線運動,加速度運動-斜面與落體運動,重力加速度,動力加速度,
29,國二,自然,力與運動,慣性定律,運動狀態與慣性定律,運動狀態,
30,國二,自然,力與運動,慣性定律,運動狀態與慣性定律,慣性運動,
31,國二,自然,力與運動,運動定律,力與加速度的關係,力,
32,國二,自然,力與運動,運動定律,力與加速度的關係,加速度,
33,國二,自然,力與運動,運動定律,質量與加速度關係,質量,
34,國二,自然,力與運動,運動定律,質量與加速度關係,加速度,
35,國二,自然,力與運動,作用力與反作用力定律,作用反作用定律,作用,
36,國二,自然,力與運動,作用力與反作用力定律,作用反作用定律,反作用,
37,國二,自然,力與運動,圓周運動與萬有引力,圓周運動,圓周運動,
38,國二,自然,力與運動,圓周運動與萬有引力,萬有引力,萬有引力,
39,國二,自然,能量-由功到熱,功與功率,功的定義,功,
40,國二,自然,能量-由功到熱,功與功率,功率,功率,
41,國二,自然,能量-由功到熱,功與動能,動能,動能,
42,國二,自然,能量-由功到熱,功與動能,功能定理,功能,
43,國二,自然,能量-由功到熱,位能、能量守恆定律與能源,重力位能,重力位能,
44,國二,自然,能量-由功到熱,位能、能量守恆定律與能源,力學能守恆定律,力學能,
45,國二,自然,能量-由功到熱,位能、能量守恆定律與能源,力學能守恆定律,力學能守恆定律,
46,國二,自然,能量-由功到熱,位能、能量守恆定律與能源,彈力位能,彈力位能,
47,國二,自然,能量-由功到熱,位能、能量守恆定律與能源,焦耳實驗,焦耳,
48,國二,自然,能量-由功到熱,位能、能量守恆定律與能源,能量守恆定律,能量守恆,
49,國二,自然,能量-由功到熱,槓桿原理,力矩與轉動,力矩,
50,國二,自然,能量-由功到熱,槓桿原理,力矩與轉動,轉動,
51,國二,自然,能量-由功到熱,槓桿原理,槓桿原理,槓桿原理,
52,國二,自然,能量-由功到熱,簡單的機械,槓桿的分類,槓桿的分類,
53,國二,自然,能量-由功到熱,簡單的機械,輪軸,輪軸,
54,國二,自然,能量-由功到熱,簡單的機械,定滑輪與動滑輪,定滑輪,
55,國二,自然,能量-由功到熱,簡單的機械,定滑輪與動滑輪,動滑輪,
56,國二,自然,能量-由功到熱,簡單的機械,斜面與螺旋,斜面,
57,國二,自然,能量-由功到熱,簡單的機械,斜面與螺旋,螺旋,
58,國二,自然,能量-由功到熱,簡單的機械,功率,功率,
